"country","status","layout_family","old_years_detected","new_years_detected","extension_years_in_range","extension_years_beyond_active","overlap_years","values_compared","changed_values","anecdotal_changes","substantive_changes","changed_share_pct","substantive_share_pct","median_new_old","median_pct_diff","p10_pct_diff","p90_pct_diff","max_abs_pct_diff","warnings","notes"
"CHL","revisions_detected","year_sheets","2003,2004,2005,2006,2007,2008,2009,2010,2011,2012,2013,2014,2015,2016,2017,2018,2019,2020,2021,2022,2023","2003,2004,2005,2006,2007,2008,2009,2010,2011,2012,2013,2014,2015,2016,2017,2018,2019,2020,2021,2022,2023,2024","","2024","2003,2004,2005,2006,2007,2008,2009,2010,2011,2012,2013,2014,2015,2016,2017,2018,2019,2020,2021,2022,2023",840,581,539,42,69.2,5,1,0,-0.088,0.095,55.479,"No matching sheet for year 2000 in CEI_merged.xlsx. | No matching sheet for year 2001 in CEI_merged.xlsx. | No matching sheet for year 2002 in CEI_merged.xlsx. | No matching sheet for year 2024 in CEI_merged.xlsx. | Multiple candidate workbooks found; selected CEI_merged.xlsx from CEI_merged.xlsx, CEI_merged.xls. | No matching sheet for year 2000 in CEI_anuario_2013-2024.xls. | No matching sheet for year 2001 in CEI_anuario_2013-2024.xls. | No matching sheet for year 2002 in CEI_anuario_2013-2024.xls.","Production code reads CEI_merged by stem; warn when .xls and .xlsx both exist."
"COL","revisions_detected","year_sheets","2014,2015,2016,2017,2018,2019,2020,2021,2022,2023","2014,2015,2016,2017,2018,2019,2020,2021,2022,2023,2024","","2024","2014,2015,2016,2017,2018,2019,2020,2021,2022,2023",450,86,17,69,19.1,15.3,1.036938,3.694,-3.323,36.409,1175.263,"No matching sheet for year 2000 in anex-CuentasNalAnuales-CuentasEconomicasIntegradas-2023p.xlsx. | No matching sheet for year 2001 in anex-CuentasNalAnuales-CuentasEconomicasIntegradas-2023p.xlsx. | No matching sheet for year 2002 in anex-CuentasNalAnuales-CuentasEconomicasIntegradas-2023p.xlsx. | No matching sheet for year 2003 in anex-CuentasNalAnuales-CuentasEconomicasIntegradas-2023p.xlsx. | No matching sheet for year 2004 in anex-CuentasNalAnuales-CuentasEconomicasIntegradas-2023p.xlsx. | No matching sheet for year 2005 in anex-CuentasNalAnuales-CuentasEconomicasIntegradas-2023p.xlsx. | No matching sheet for year 2006 in anex-CuentasNalAnuales-CuentasEconomicasIntegradas-2023p.xlsx. | No matching sheet for year 2007 in anex-CuentasNalAnuales-CuentasEconomicasIntegradas-2023p.xlsx. | No matching sheet for year 2008 in anex-CuentasNalAnuales-CuentasEconomicasIntegradas-2023p.xlsx. | No matching sheet for year 2009 in anex-CuentasNalAnuales-CuentasEconomicasIntegradas-2023p.xlsx. | No matching sheet for year 2010 in anex-CuentasNalAnuales-CuentasEconomicasIntegradas-2023p.xlsx. | No matching sheet for year 2011 in anex-CuentasNalAnuales-CuentasEconomicasIntegradas-2023p.xlsx. | No matching sheet for year 2012 in anex-CuentasNalAnuales-CuentasEconomicasIntegradas-2023p.xlsx. | No matching sheet for year 2013 in anex-CuentasNalAnuales-CuentasEconomicasIntegradas-2023p.xlsx. | No matching sheet for year 2024 in anex-CuentasNalAnuales-CuentasEconomicasIntegradas-2023p.xlsx. | No matching sheet for year 2000 in anex-CuentasNalAnuales-CuentasEconomicasIntegradas-2024p.xlsx. | No matching sheet for year 2001 in anex-CuentasNalAnuales-CuentasEconomicasIntegradas-2024p.xlsx. | No matching sheet for year 2002 in anex-CuentasNalAnuales-CuentasEconomicasIntegradas-2024p.xlsx. | No matching sheet for year 2003 in anex-CuentasNalAnuales-CuentasEconomicasIntegradas-2024p.xlsx. | No matching sheet for year 2004 in anex-CuentasNalAnuales-CuentasEconomicasIntegradas-2024p.xlsx. | No matching sheet for year 2005 in anex-CuentasNalAnuales-CuentasEconomicasIntegradas-2024p.xlsx. | No matching sheet for year 2006 in anex-CuentasNalAnuales-CuentasEconomicasIntegradas-2024p.xlsx. | No matching sheet for year 2007 in anex-CuentasNalAnuales-CuentasEconomicasIntegradas-2024p.xlsx. | No matching sheet for year 2008 in anex-CuentasNalAnuales-CuentasEconomicasIntegradas-2024p.xlsx. | No matching sheet for year 2009 in anex-CuentasNalAnuales-CuentasEconomicasIntegradas-2024p.xlsx. | No matching sheet for year 2010 in anex-CuentasNalAnuales-CuentasEconomicasIntegradas-2024p.xlsx. | No matching sheet for year 2011 in anex-CuentasNalAnuales-CuentasEconomicasIntegradas-2024p.xlsx. | No matching sheet for year 2012 in anex-CuentasNalAnuales-CuentasEconomicasIntegradas-2024p.xlsx. | No matching sheet for year 2013 in anex-CuentasNalAnuales-CuentasEconomicasIntegradas-2024p.xlsx.",
"CRI","revisions_detected","year_sheets","2012,2013,2014,2015,2016,2017,2018,2019,2020,2021","2017,2018,2019,2020,2021","","","2017,2018,2019,2020,2021",200,19,12,7,9.5,3.5,0.999196,-0.08,-2.305,1.456,9.536,"","Current downstream snacompare later blanks CRI 2017 CEI household values."
"PER","revisions_detected","year_sheets","2007,2008,2009,2010,2011,2012,2013,2014,2015,2016,2017,2018,2019,2020,2021,2022,2023","2007,2008,2009,2010,2011,2012,2013,2014,2015,2016,2017,2018,2019,2020,2021,2022,2023,2024","","2024","2007,2008,2009,2010,2011,2012,2013,2014,2015,2016,2017,2018,2019,2020,2021,2022,2023",669,47,32,15,7,2.2,1.000018,0.002,-14.895,0.909,65.419,"No matching sheet for year 2000 in CEI_merged.xlsx. | No matching sheet for year 2001 in CEI_merged.xlsx. | No matching sheet for year 2002 in CEI_merged.xlsx. | No matching sheet for year 2003 in CEI_merged.xlsx. | No matching sheet for year 2004 in CEI_merged.xlsx. | No matching sheet for year 2005 in CEI_merged.xlsx. | No matching sheet for year 2006 in CEI_merged.xlsx. | No matching sheet for year 2024 in CEI_merged.xlsx.",
"MEX","revisions_detected","year_files","2003,2004,2005,2006,2007,2008,2009,2010,2011,2012,2013,2014,2015,2016,2017,2018,2019,2020,2021,2022,2023","2003,2004,2005,2006,2007,2008,2009,2010,2011,2012,2013,2014,2015,2016,2017,2018,2019,2020,2021,2022,2023,2024","","2024","2003,2004,2005,2006,2007,2008,2009,2010,2011,2012,2013,2014,2015,2016,2017,2018,2019,2020,2021,2022,2023",921,68,51,17,7.4,1.8,0.999776,-0.022,-2.625,0.712,50.171,"252 new CSI files are outside the current CSI_(year - 2000) diagnostic window.","Only CSI_(year - 2000) files are part of the current extraction contract."
"URY","series_extension","sector_year_files","2000,2012,2016,2017,2018,2019,2020,2021","2000,2022","2022","","",0,0,0,0,,,,,,,,"","The diagnostic recreates aux_sna_ury.do in memory and does not write cei.xlsx."
"ECU","adapter_missing","layout_break_account_sheets","2018,2019,2020,2021,2022,2023","2018,2024","","2024","",0,0,0,0,,,,,,,,"New workbook is account-sheet layout; current extractor expects year sheets.","New workbook is account-sheet layout; current extractor expects year sheets."
"BRA","no_new_files","year_sheets","2000,2021","","","","",0,0,0,0,,,,,,,,"No new files found.",
"DOM","no_new_files","year_sheets","2007,2008,2009,2010,2011,2012,2013,2014,2015,2016,2017","","","","",0,0,0,0,,,,,,,,"No new files found.",
