"country","layout_change","old_file","new_file","old_sheet_count","new_sheet_count","old_year_sheet_count","new_year_sheet_count","old_account_sheet_count","new_account_sheet_count","old_years_detected","new_years_detected","old_sheets","new_sheets","old_sample_dimensions","new_sample_dimensions","interpretation"
"CHL","same_layout_family","/Users/iflores/Documents/GitHub/dina-latam/input_data/sna_country_data/CHL/CEI_merged.xlsx","/Users/iflores/Documents/GitHub/dina-latam/input_data/_new/country_sna/CHL/CEI_anuario_2013-2024.xls",21,22,21,22,0,0,"2003,2004,2005,2006,2007,2008,2009,2010,2011,2012,2013,2014,2015,2016,2017,2018,2019,2020,2021,2022,2023","2003,2004,2005,2006,2007,2008,2009,2010,2011,2012,2013,2014,2015,2016,2017,2018,2019,2020,2021,2022,2023,2024","2003;2004;2005;2006;2007;2008;2009;2010;2011;2012;2013;2014;2015;2016;2017;2018;2019;2020;2021;2022;2023","2003;2004;2005;2006;2007;2008;2009;2010;2011;2012;2013;2014;2015;2016;2017;2018;2019;2020;2021;2022;2023;2024","2003:74x16; 2004:74x16; 2005:74x16; 2006:74x16; 2007:74x16; 2008:74x16; 2009:74x16; 2010:74x16","2003:74x16; 2004:74x16; 2005:74x16; 2006:74x16; 2007:74x16; 2008:74x16; 2009:74x16; 2010:74x16","Workbook layout family appears comparable; differences are not only filename suffixes."
"COL","same_layout_family","/Users/iflores/Documents/GitHub/dina-latam/input_data/sna_country_data/COL/anex-CuentasNalAnuales-CuentasEconomicasIntegradas-2023p.xlsx","/Users/iflores/Documents/GitHub/dina-latam/input_data/_new/country_sna/COL/anex-CuentasNalAnuales-CuentasEconomicasIntegradas-2024p.xlsx",11,12,10,11,0,0,"2014,2015,2016,2017,2018,2019,2020,2021,2022,2023","2014,2015,2016,2017,2018,2019,2020,2021,2022,2023,2024","Índice;2014;2015;2016;2017;2018;2019;2020;2021;2022;2023","Índice;2014;2015;2016;2017;2018;2019;2020;2021;2022;2023;2024","Índice:15x2; 2014:218x20; 2015:218x20; 2016:218x20; 2017:218x20; 2018:218x20; 2019:218x20; 2020:218x20","Índice:196x20; 2014:218x20; 2015:218x20; 2016:218x20; 2017:218x20; 2018:218x20; 2019:218x20; 2020:218x20","Workbook layout family appears comparable; differences are not only filename suffixes."
"CRI","not_assessed","/Users/iflores/Documents/GitHub/dina-latam/input_data/sna_country_data/CRI/Cuentas_Economicas_Integradas_2021.xlsx","/Users/iflores/Documents/GitHub/dina-latam/input_data/_new/country_sna/CRI/CEI2021.xlsx",3,3,0,0,0,0,"2012,2013,2014,2015,2016,2017,2018,2019,2020,2021","2017,2018,2019,2020,2021","CUENTAS CORRIENTES;CUENTAS ACUMULACIÓN;SECTORES INSTITUCIONALES","CUENTAS CORRIENTES;CUENTAS ACUMULACIÓN;SECTORES INSTITUCIONALES","CUENTAS CORRIENTES:91x50; CUENTAS ACUMULACIÓN:78x47; SECTORES INSTITUCIONALES:227x13","CUENTAS CORRIENTES:91x50; CUENTAS ACUMULACIÓN:78x47; SECTORES INSTITUCIONALES:227x13","Current downstream snacompare later blanks CRI 2017 CEI household values."
"PER","same_layout_family","/Users/iflores/Documents/GitHub/dina-latam/input_data/sna_country_data/PER/CEI_merged.xlsx","/Users/iflores/Documents/GitHub/dina-latam/input_data/_new/country_sna/PER/cei_econtotal_2023.xlsx",17,1,17,1,0,0,"2007,2008,2009,2010,2011,2012,2013,2014,2015,2016,2017,2018,2019,2020,2021,2022,2023","2007,2008,2009,2010,2011,2012,2013,2014,2015,2016,2017,2018,2019,2020,2021,2022,2023,2024","2007;2008;2009;2010;2011;2012;2013;2014;2015;2016;2017;2018;2019;2020;2021;2022;2023","CEI_2023","2007:71x22; 2008:71x22; 2009:71x22; 2010:71x22; 2011:71x22; 2012:71x22; 2013:71x22; 2014:71x22","CEI_2023:71x22","Workbook layout family appears comparable; differences are not only filename suffixes."
"MEX","not_assessed","/Users/iflores/Documents/GitHub/dina-latam/input_data/sna_country_data/MEX/CSI_23.xlsx","/Users/iflores/Documents/GitHub/dina-latam/input_data/_new/country_sna/MEX/tabulados_CSI/CSI_23.xlsx",2,2,0,0,0,0,"2003,2004,2005,2006,2007,2008,2009,2010,2011,2012,2013,2014,2015,2016,2017,2018,2019,2020,2021,2022,2023","2003,2004,2005,2006,2007,2008,2009,2010,2011,2012,2013,2014,2015,2016,2017,2018,2019,2020,2021,2022,2023,2024","Tabulado;MetaInfo","Tabulado;MetaInfo","Tabulado:431x19; MetaInfo:13x2","Tabulado:431x19; MetaInfo:13x2","Only CSI_(year - 2000) files are part of the current extraction contract."
"URY","sector_year_files","/Users/iflores/Documents/GitHub/dina-latam/input_data/sna_country_data/URY/CSI_3.2021_SC_S.2000.xlsx","/Users/iflores/Documents/GitHub/dina-latam/input_data/_new/country_sna/URY/CSI_3.2022_SC_S.2000.xlsx",1,1,0,0,0,0,"2000,2012,2016,2017,2018,2019,2020,2021","2000,2022","S.2000 Resto del Mundo","S.2000 Resto del Mundo","S.2000 Resto del Mundo:126x6","S.2000 Resto del Mundo:123x6","The diagnostic recreates aux_sna_ury.do in memory and does not write cei.xlsx."
"ECU","year_sheets_to_account_sheets","/Users/iflores/Documents/GitHub/dina-latam/input_data/sna_country_data/ECU/mcs_cei_2018_2023p.xlsx","/Users/iflores/Documents/GitHub/dina-latam/input_data/_new/country_sna/ECU/bam_cei_2018_2024p.xlsx",8,12,6,0,0,10,"2018,2019,2020,2021,2022,2023","2018,2024","Portada;Indice;CEI_2018;CEI_2019;CEI_2020;CEI_2021;CEI_2022;CEI_2023p","Portada;Indice;Producción;Consumo Intermedio;VAB;EBE;YMB;YNB;YDB;AHORRO;FBK;PRE-END","Portada:0x0; Indice:17x2; CEI_2018:153x56; CEI_2019:153x56; CEI_2020:153x56; CEI_2021:153x56; CEI_2022:153x56; CEI_2023p:153x56","Portada:0x0; Indice:16x1; Producción:42x11; Consumo Intermedio:42x9; VAB:42x9; EBE:42x9; YMB:42x9; YNB:42x9","Real structural change: old source is organized by year sheets; new source is organized by account sheets."
"BRA","no_new_file","/Users/iflores/Documents/GitHub/dina-latam/input_data/sna_country_data/BRA/contas_economicas_a_precos_correntes_2000a2021.xls",,13,0,0,0,0,0,"2000,2021","","Economia;Economia_CFin;NaoFinanc;NaoFinanc_CFin;Financeiras;Financeiras_CFin;Governo;Governo_CFin;Familias;ISFLSF;FamíliaISFLSF_CFin;RestoMundo;RestoMundo_CFin","","Economia:107x24; Economia_CFin:127x14; NaoFinanc:70x24; NaoFinanc_CFin:127x14; Financeiras:69x24; Financeiras_CFin:127x14; Governo:90x24; Governo_CFin:127x14",,"No new workbook available for layout comparison."
"DOM","no_new_file","/Users/iflores/Documents/GitHub/dina-latam/input_data/sna_country_data/DOM/cei_2007_2017.xlsx",,11,0,11,0,0,0,"2007,2008,2009,2010,2011,2012,2013,2014,2015,2016,2017","","2007;2008;2009;2010;2011;2012;2013;2014;2015;2016;2017","","2007:71x15; 2008:71x15; 2009:71x15; 2010:71x15; 2011:72x15; 2012:71x15; 2013:71x15; 2014:71x15",,"No new workbook available for layout comparison."
