"country","variable","value_type","downstream_use","values_compared","changed_values","anecdotal_changes","substantive_changes","changed_share_pct","substantive_share_pct","median_new_old","median_pct_diff","p10_pct_diff","p90_pct_diff","max_abs_pct_diff"
"CHL","B2g_cei","primitive","snacompare",21,21,21,0,100,0,1,0,0,0,0.313
"CHL","B3g_cei","primitive","snacompare",0,0,0,0,,,,,,,
"CHL","B5g_cei","primitive","snacompare",21,21,21,0,100,0,0.999998,0,-0.042,0.039,0.991
"CHL","D1_cei","primitive","snacompare",21,3,2,1,14.3,4.8,0.998786,-0.121,-0.936,-0.048,1.14
"CHL","D11_cei","primitive","current_extractor",0,0,0,0,,,,,,,
"CHL","D4_cei","primitive","snacompare;cei_ratio_figures",21,21,19,2,100,9.5,0.999988,-0.001,-0.183,0.144,4.704
"CHL","D43_cei","primitive","cei_ratio_figures",0,0,0,0,,,,,,,
"CHL","D44_cei","primitive","cei_ratio_figures",21,1,1,0,4.8,0,1.006788,0.679,0.679,0.679,0.679
"CHL","D5_cei","primitive","snacompare",21,16,16,0,76.2,0,1,0,0,0,0.16
"CHL","D61_cei","primitive","snacompare",21,13,13,0,61.9,0,1,0,0,0,0.209
"CHL","D62_cei","primitive","snacompare",21,11,11,0,52.4,0,1,0,0,0,0.004
"CHL","D7_cei","primitive","cei_ratio_figures",21,16,13,3,76.2,14.3,1,0,0,2.045,10.811
"CHL","D75_cei","primitive","cei_ratio_figures",21,16,13,3,76.2,14.3,1,0,0,2.332,16.456
"CHL","D752_cei","primitive","current_extractor",0,0,0,0,,,,,,,
"CHL","FC_B5g_cei","primitive","snacompare;uprofits",21,21,18,3,100,14.3,1,0,-0.03,0.802,19.348
"CHL","FC_r_D4_cei","primitive","uprofits",21,21,20,1,100,4.8,1,0,0,0,11.059
"CHL","FC_r_D41_cei","primitive","current_extractor",21,21,20,1,100,4.8,1.000002,0,-0.002,0.005,2.518
"CHL","FC_r_D42_cei","primitive","current_extractor",21,9,8,1,42.9,4.8,1,0,-8.627,0,39.642
"CHL","FC_r_D43_cei","primitive","current_extractor",0,0,0,0,,,,,,,
"CHL","FC_r_D44_cei","primitive","current_extractor",21,21,20,1,100,4.8,0.999984,-0.002,-0.122,0.017,10.142
"CHL","GG_B5g_cei","primitive","snacompare",21,21,21,0,100,0,1,0,0,0.008,0.925
"CHL","GG_r_D4_cei","primitive","uprofits",21,20,20,0,95.2,0,1,0,0,0.052,0.401
"CHL","GG_r_D41_cei","primitive","current_extractor",21,18,18,0,85.7,0,1,0,0,0.27,0.622
"CHL","GG_r_D42_cei","primitive","current_extractor",21,10,10,0,47.6,0,1,0,0,0.082,0.817
"CHL","GG_r_D43_cei","primitive","current_extractor",0,0,0,0,,,,,,,
"CHL","GG_r_D44_cei","primitive","current_extractor",21,16,16,0,76.2,0,1,0,-0.157,0.006,0.628
"CHL","NFC_B5g_cei","primitive","snacompare;uprofits",21,21,19,2,100,9.5,1.000009,0.001,-0.205,0.111,2.226
"CHL","NFC_r_D4_cei","primitive","uprofits",21,21,21,0,100,0,0.999964,-0.004,-0.012,0.012,0.178
"CHL","NFC_r_D41_cei","primitive","current_extractor",21,21,20,1,100,4.8,0.999926,-0.007,-0.017,0.01,2.789
"CHL","NFC_r_D42_cei","primitive","current_extractor",21,2,2,0,9.5,0,1.000005,0.001,0,0.001,0.002
"CHL","NFC_r_D43_cei","primitive","current_extractor",21,2,1,1,9.5,4.8,0.884164,-11.584,-20.483,-2.684,22.708
"CHL","NFC_r_D44_cei","primitive","current_extractor",21,21,18,3,100,14.3,1.000177,0.018,-0.075,1.326,55.479
"CHL","ratio_d43_d4","derived_ratio","cei_ratio_figures",0,0,0,0,,,,,,,
"CHL","ratio_d43d44","derived_ratio","cei_ratio_figures",0,0,0,0,,,,,,,
"CHL","ratio_d44_b5g","derived_ratio","cei_ratio_figures",21,21,21,0,100,0,1.000002,0,-0.039,0.042,0.875
"CHL","ratio_d44_d4","derived_ratio","cei_ratio_figures",21,21,19,2,100,9.5,1.000012,0.001,-0.144,0.183,3.844
"CHL","ratio_d75_b5g","derived_ratio","cei_ratio_figures",21,21,18,3,100,14.3,1.000028,0.003,-0.039,0.134,17.276
"CHL","ratio_d75_d7","derived_ratio","cei_ratio_figures",21,4,2,2,19,9.5,1.002764,0.276,-4.419,3.652,6.329
"CHL","ROW_r_D4_cei","primitive","uprofits",21,2,0,2,9.5,9.5,0.999594,-0.041,-1.412,1.33,1.754
"CHL","ROW_r_D41_cei","primitive","current_extractor",21,2,2,0,9.5,0,0.99185,-0.815,-0.896,-0.734,0.916
"CHL","ROW_r_D42_cei","primitive","current_extractor",21,2,1,1,9.5,4.8,1.015494,1.549,0.054,3.045,3.418
"CHL","ROW_r_D43_cei","primitive","current_extractor",21,2,0,2,9.5,9.5,0.982545,-1.746,-4.299,0.808,4.938
"CHL","ROW_r_D44_cei","primitive","current_extractor",0,0,0,0,,,,,,,
"CHL","TOT_B5g_cei","primitive","snacompare;uprofits",21,15,15,0,71.4,0,1,0,-0.002,0.019,0.465
"CHL","TOT_r_D4_cei","primitive","uprofits",21,21,19,2,100,9.5,0.999957,-0.004,-0.147,0.038,3.11
"CHL","TOT_r_D41_cei","primitive","current_extractor",21,21,19,2,100,9.5,0.999982,-0.002,-0.004,0.003,1.465
"CHL","TOT_r_D42_cei","primitive","current_extractor",21,21,19,2,100,9.5,0.999991,-0.001,-0.118,0.125,4.861
"CHL","TOT_r_D43_cei","primitive","current_extractor",21,2,1,1,9.5,4.8,0.9591,-4.09,-7.817,-0.363,8.749
"CHL","TOT_r_D44_cei","primitive","current_extractor",21,21,21,0,100,0,1,0,0,0,0.409
"COL","B2g_cei","primitive","snacompare",10,0,0,0,0,0,,,,,
"COL","B3g_cei","primitive","snacompare",10,1,1,0,10,0,1.001021,0.102,0.102,0.102,0.102
"COL","B5g_cei","primitive","snacompare",10,3,1,2,30,20,0.974723,-2.528,-2.554,-1.214,2.561
"COL","D1_cei","primitive","snacompare",10,1,1,0,10,0,0.99822,-0.178,-0.178,-0.178,0.178
"COL","D11_cei","primitive","current_extractor",10,1,1,0,10,0,0.997862,-0.214,-0.214,-0.214,0.214
"COL","D4_cei","primitive","snacompare;cei_ratio_figures",10,3,0,3,30,30,0.891652,-10.835,-11.278,-6.415,11.389
"COL","D43_cei","primitive","cei_ratio_figures",0,0,0,0,,,,,,,
"COL","D44_cei","primitive","cei_ratio_figures",10,0,0,0,0,0,,,,,
"COL","D5_cei","primitive","snacompare",10,1,0,1,10,10,0.95588,-4.412,-4.412,-4.412,4.412
"COL","D61_cei","primitive","snacompare",10,0,0,0,0,0,,,,,
"COL","D62_cei","primitive","snacompare",10,3,0,3,30,30,0.987014,-1.299,-1.387,-1.268,1.409
"COL","D7_cei","primitive","cei_ratio_figures",10,3,0,3,30,30,1.132679,13.268,7.354,15.076,15.528
"COL","D75_cei","primitive","cei_ratio_figures",10,3,0,3,30,30,1.269004,26.9,14.846,31.725,32.932
"COL","D752_cei","primitive","current_extractor",10,0,0,0,0,0,,,,,
"COL","FC_B5g_cei","primitive","snacompare;uprofits",10,1,0,1,10,10,-10.752632,-1175.263,-1175.263,-1175.263,1175.263
"COL","FC_r_D4_cei","primitive","uprofits",10,1,1,0,10,0,0.996541,-0.346,-0.346,-0.346,0.346
"COL","FC_r_D41_cei","primitive","current_extractor",10,1,1,0,10,0,0.995824,-0.418,-0.418,-0.418,0.418
"COL","FC_r_D42_cei","primitive","current_extractor",10,0,0,0,0,0,,,,,
"COL","FC_r_D43_cei","primitive","current_extractor",10,0,0,0,0,0,,,,,
"COL","FC_r_D44_cei","primitive","current_extractor",10,0,0,0,0,0,,,,,
"COL","GG_B5g_cei","primitive","snacompare",10,1,1,0,10,0,0.999995,0,0,0,0
"COL","GG_r_D4_cei","primitive","uprofits",10,1,1,0,10,0,0.999974,-0.003,-0.003,-0.003,0.003
"COL","GG_r_D41_cei","primitive","current_extractor",10,1,1,0,10,0,0.999929,-0.007,-0.007,-0.007,0.007
"COL","GG_r_D42_cei","primitive","current_extractor",10,0,0,0,0,0,,,,,
"COL","GG_r_D43_cei","primitive","current_extractor",0,0,0,0,,,,,,,
"COL","GG_r_D44_cei","primitive","current_extractor",10,0,0,0,0,0,,,,,
"COL","NFC_B5g_cei","primitive","snacompare;uprofits",10,3,0,3,30,30,1.136547,13.655,5.469,17.746,18.769
"COL","NFC_r_D4_cei","primitive","uprofits",10,10,0,10,100,100,1.183898,18.39,8.505,28.621,33.019
"COL","NFC_r_D41_cei","primitive","current_extractor",10,1,1,0,10,0,0.998548,-0.145,-0.145,-0.145,0.145
"COL","NFC_r_D42_cei","primitive","current_extractor",10,10,0,10,100,100,1.744924,74.492,34.823,117.172,175.326
"COL","NFC_r_D43_cei","primitive","current_extractor",10,0,0,0,0,0,,,,,
"COL","NFC_r_D44_cei","primitive","current_extractor",10,0,0,0,0,0,,,,,
"COL","ratio_d43_d4","derived_ratio","cei_ratio_figures",0,0,0,0,,,,,,,
"COL","ratio_d43d44","derived_ratio","cei_ratio_figures",10,3,0,3,30,30,1.121513,12.151,6.916,12.712,12.853
"COL","ratio_d44_b5g","derived_ratio","cei_ratio_figures",10,3,1,2,30,20,1.025933,2.593,1.234,2.621,2.629
"COL","ratio_d44_d4","derived_ratio","cei_ratio_figures",10,3,0,3,30,30,1.121513,12.151,6.916,12.712,12.853
"COL","ratio_d75_b5g","derived_ratio","cei_ratio_figures",10,3,0,3,30,30,1.301913,30.191,16.304,35.179,36.426
"COL","ratio_d75_d7","derived_ratio","cei_ratio_figures",10,3,0,3,30,30,1.120357,12.036,6.907,14.459,15.064
"COL","ROW_r_D4_cei","primitive","uprofits",10,0,0,0,0,0,,,,,
"COL","ROW_r_D41_cei","primitive","current_extractor",10,0,0,0,0,0,,,,,
"COL","ROW_r_D42_cei","primitive","current_extractor",10,0,0,0,0,0,,,,,
"COL","ROW_r_D43_cei","primitive","current_extractor",10,0,0,0,0,0,,,,,
"COL","ROW_r_D44_cei","primitive","current_extractor",0,0,0,0,,,,,,,
"COL","TOT_B5g_cei","primitive","snacompare;uprofits",10,1,1,0,10,0,1.005773,0.577,0.577,0.577,0.577
"COL","TOT_r_D4_cei","primitive","uprofits",10,10,3,7,100,70,1.00932,0.932,-4.097,1.967,4.214
"COL","TOT_r_D41_cei","primitive","current_extractor",10,1,1,0,10,0,0.99989,-0.011,-0.011,-0.011,0.011
"COL","TOT_r_D42_cei","primitive","current_extractor",10,10,1,9,100,90,1.020019,2.002,-8.468,4.096,10.559
"COL","TOT_r_D43_cei","primitive","current_extractor",10,0,0,0,0,0,,,,,
"COL","TOT_r_D44_cei","primitive","current_extractor",10,0,0,0,0,0,,,,,
"CRI","B2g_cei","primitive","snacompare",5,0,0,0,0,0,,,,,
"CRI","B3g_cei","primitive","snacompare",5,0,0,0,0,0,,,,,
"CRI","B5g_cei","primitive","snacompare",0,0,0,0,,,,,,,
"CRI","D1_cei","primitive","snacompare",4,0,0,0,0,0,,,,,
"CRI","D11_cei","primitive","current_extractor",4,0,0,0,0,0,,,,,
"CRI","D4_cei","primitive","snacompare;cei_ratio_figures",5,0,0,0,0,0,,,,,
"CRI","D43_cei","primitive","cei_ratio_figures",0,0,0,0,,,,,,,
"CRI","D44_cei","primitive","cei_ratio_figures",5,0,0,0,0,0,,,,,
"CRI","D5_cei","primitive","snacompare",5,0,0,0,0,0,,,,,
"CRI","D61_cei","primitive","snacompare",5,1,1,0,20,0,1.005304,0.53,0.53,0.53,0.53
"CRI","D62_cei","primitive","snacompare",4,0,0,0,0,0,,,,,
"CRI","D7_cei","primitive","cei_ratio_figures",5,0,0,0,0,0,,,,,
"CRI","D75_cei","primitive","cei_ratio_figures",5,0,0,0,0,0,,,,,
"CRI","D752_cei","primitive","current_extractor",0,0,0,0,,,,,,,
"CRI","FC_B5g_cei","primitive","snacompare;uprofits",5,1,0,1,20,20,1.095362,9.536,9.536,9.536,9.536
"CRI","FC_r_D4_cei","primitive","uprofits",5,1,0,1,20,20,0.989305,-1.07,-1.07,-1.07,1.07
"CRI","FC_r_D41_cei","primitive","current_extractor",5,1,0,1,20,20,0.989088,-1.091,-1.091,-1.091,1.091
"CRI","FC_r_D42_cei","primitive","current_extractor",5,1,1,0,20,0,0.996151,-0.385,-0.385,-0.385,0.385
"CRI","FC_r_D43_cei","primitive","current_extractor",3,0,0,0,0,0,,,,,
"CRI","FC_r_D44_cei","primitive","current_extractor",5,0,0,0,0,0,,,,,
"CRI","GG_B5g_cei","primitive","snacompare",5,1,1,0,20,0,0.999196,-0.08,-0.08,-0.08,0.08
"CRI","GG_r_D4_cei","primitive","uprofits",5,1,1,0,20,0,1.004826,0.483,0.483,0.483,0.483
"CRI","GG_r_D41_cei","primitive","current_extractor",5,1,1,0,20,0,1.004974,0.497,0.497,0.497,0.497
"CRI","GG_r_D42_cei","primitive","current_extractor",5,0,0,0,0,0,,,,,
"CRI","GG_r_D43_cei","primitive","current_extractor",0,0,0,0,,,,,,,
"CRI","GG_r_D44_cei","primitive","current_extractor",5,1,1,0,20,0,1.002646,0.265,0.265,0.265,0.265
"CRI","NFC_B5g_cei","primitive","snacompare;uprofits",5,1,0,1,20,20,0.977193,-2.281,-2.281,-2.281,2.281
"CRI","NFC_r_D4_cei","primitive","uprofits",5,1,0,1,20,20,0.975958,-2.404,-2.404,-2.404,2.404
"CRI","NFC_r_D41_cei","primitive","current_extractor",5,1,0,1,20,20,0.963352,-3.665,-3.665,-3.665,3.665
"CRI","NFC_r_D42_cei","primitive","current_extractor",5,1,1,0,20,0,0.997076,-0.292,-0.292,-0.292,0.292
"CRI","NFC_r_D43_cei","primitive","current_extractor",5,0,0,0,0,0,,,,,
"CRI","NFC_r_D44_cei","primitive","current_extractor",5,0,0,0,0,0,,,,,
"CRI","ratio_d43_d4","derived_ratio","cei_ratio_figures",0,0,0,0,,,,,,,
"CRI","ratio_d43d44","derived_ratio","cei_ratio_figures",5,0,0,0,0,0,,,,,
"CRI","ratio_d44_b5g","derived_ratio","cei_ratio_figures",0,0,0,0,,,,,,,
"CRI","ratio_d44_d4","derived_ratio","cei_ratio_figures",5,0,0,0,0,0,,,,,
"CRI","ratio_d75_b5g","derived_ratio","cei_ratio_figures",0,0,0,0,,,,,,,
"CRI","ratio_d75_d7","derived_ratio","cei_ratio_figures",5,0,0,0,0,0,,,,,
"CRI","ROW_r_D4_cei","primitive","uprofits",5,1,1,0,20,0,1.00079,0.079,0.079,0.079,0.079
"CRI","ROW_r_D41_cei","primitive","current_extractor",5,1,1,0,20,0,1.00302,0.302,0.302,0.302,0.302
"CRI","ROW_r_D42_cei","primitive","current_extractor",5,0,0,0,0,0,,,,,
"CRI","ROW_r_D43_cei","primitive","current_extractor",5,0,0,0,0,0,,,,,
"CRI","ROW_r_D44_cei","primitive","current_extractor",5,0,0,0,0,0,,,,,
"CRI","TOT_B5g_cei","primitive","snacompare;uprofits",0,0,0,0,,,,,,,
"CRI","TOT_r_D4_cei","primitive","uprofits",5,1,1,0,20,0,0.998507,-0.149,-0.149,-0.149,0.149
"CRI","TOT_r_D41_cei","primitive","current_extractor",5,1,1,0,20,0,0.99107,-0.893,-0.893,-0.893,0.893
"CRI","TOT_r_D42_cei","primitive","current_extractor",5,1,1,0,20,0,0.999255,-0.075,-0.075,-0.075,0.075
"CRI","TOT_r_D43_cei","primitive","current_extractor",5,0,0,0,0,0,,,,,
"CRI","TOT_r_D44_cei","primitive","current_extractor",5,1,0,1,20,20,1.051579,5.158,5.158,5.158,5.158
"MEX","B2g_cei","primitive","snacompare",21,1,1,0,4.8,0,1.001532,0.153,0.153,0.153,0.153
"MEX","B3g_cei","primitive","snacompare",21,2,1,1,9.5,4.8,1.003322,0.332,-0.331,0.995,1.161
"MEX","B5g_cei","primitive","snacompare",21,2,2,0,9.5,0,1.002108,0.211,-0.011,0.433,0.488
"MEX","D1_cei","primitive","snacompare",21,2,2,0,9.5,0,1.001841,0.184,0.133,0.235,0.248
"MEX","D11_cei","primitive","current_extractor",21,2,2,0,9.5,0,1.001421,0.142,0.012,0.272,0.304
"MEX","D4_cei","primitive","snacompare;cei_ratio_figures",21,2,2,0,9.5,0,1.001257,0.126,-0.043,0.294,0.336
"MEX","D43_cei","primitive","cei_ratio_figures",0,0,0,0,,,,,,,
"MEX","D44_cei","primitive","cei_ratio_figures",21,2,2,0,9.5,0,1.000877,0.088,0.019,0.156,0.173
"MEX","D5_cei","primitive","snacompare",21,2,2,0,9.5,0,1.000113,0.011,0.011,0.012,0.012
"MEX","D61_cei","primitive","snacompare",21,2,1,1,9.5,4.8,1.004953,0.495,0.081,0.91,1.013
"MEX","D62_cei","primitive","snacompare",21,2,1,1,9.5,4.8,1.010085,1.008,0.959,1.058,1.07
"MEX","D7_cei","primitive","cei_ratio_figures",21,2,1,1,9.5,4.8,0.985026,-1.497,-2.349,-0.646,2.561
"MEX","D75_cei","primitive","cei_ratio_figures",21,2,1,1,9.5,4.8,0.983534,-1.647,-2.6,-0.694,2.838
"MEX","D752_cei","primitive","current_extractor",21,1,1,0,4.8,0,1.006106,0.611,0.611,0.611,0.611
"MEX","FC_B5g_cei","primitive","snacompare;uprofits",21,2,1,1,9.5,4.8,1.196998,19.7,3.844,35.555,39.519
"MEX","FC_r_D4_cei","primitive","uprofits",21,2,1,1,9.5,4.8,1.220723,22.072,4.4,39.745,44.163
"MEX","FC_r_D41_cei","primitive","current_extractor",21,1,0,1,4.8,4.8,1.452346,45.235,45.235,45.235,45.235
"MEX","FC_r_D42_cei","primitive","current_extractor",21,0,0,0,0,0,,,,,
"MEX","FC_r_D43_cei","primitive","current_extractor",0,0,0,0,,,,,,,
"MEX","FC_r_D44_cei","primitive","current_extractor",21,1,1,0,4.8,0,0.990745,-0.926,-0.926,-0.926,0.926
"MEX","GG_B5g_cei","primitive","snacompare",21,2,1,1,9.5,4.8,0.993663,-0.634,-0.93,-0.338,1.004
"MEX","GG_r_D4_cei","primitive","uprofits",21,2,2,0,9.5,0,0.997262,-0.274,-0.347,-0.2,0.365
"MEX","GG_r_D41_cei","primitive","current_extractor",21,2,2,0,9.5,0,0.997915,-0.208,-0.666,0.249,0.78
"MEX","GG_r_D42_cei","primitive","current_extractor",20,0,0,0,0,0,,,,,
"MEX","GG_r_D43_cei","primitive","current_extractor",0,0,0,0,,,,,,,
"MEX","GG_r_D44_cei","primitive","current_extractor",21,2,1,1,9.5,4.8,0.813664,-18.634,-33.759,-3.508,37.54
"MEX","NFC_B5g_cei","primitive","snacompare;uprofits",21,2,0,2,9.5,9.5,0.92793,-7.207,-12.03,-2.384,13.235
"MEX","NFC_r_D4_cei","primitive","uprofits",21,2,1,1,9.5,4.8,0.775025,-22.497,-40.379,-4.616,44.849
"MEX","NFC_r_D41_cei","primitive","current_extractor",21,2,1,1,9.5,4.8,0.748306,-25.169,-45.171,-5.168,50.171
"MEX","NFC_r_D42_cei","primitive","current_extractor",20,0,0,0,0,0,,,,,
"MEX","NFC_r_D43_cei","primitive","current_extractor",21,0,0,0,0,0,,,,,
"MEX","NFC_r_D44_cei","primitive","current_extractor",21,2,2,0,9.5,0,1.000027,0.003,0.001,0.005,0.005
"MEX","ratio_d43_d4","derived_ratio","cei_ratio_figures",0,0,0,0,,,,,,,
"MEX","ratio_d43d44","derived_ratio","cei_ratio_figures",21,2,2,0,9.5,0,0.999627,-0.037,-0.274,0.199,0.333
"MEX","ratio_d44_b5g","derived_ratio","cei_ratio_figures",21,2,2,0,9.5,0,0.998782,-0.122,-0.412,0.168,0.484
"MEX","ratio_d44_d4","derived_ratio","cei_ratio_figures",21,2,2,0,9.5,0,0.999627,-0.037,-0.274,0.199,0.333
"MEX","ratio_d75_b5g","derived_ratio","cei_ratio_figures",21,2,1,1,9.5,4.8,0.98144,-1.856,-2.59,-1.122,2.773
"MEX","ratio_d75_d7","derived_ratio","cei_ratio_figures",21,2,2,0,9.5,0,0.998471,-0.153,-0.258,-0.048,0.284
"MEX","ROW_r_D4_cei","primitive","uprofits",21,2,2,0,9.5,0,1.000008,0.001,0,0.001,0.002
"MEX","ROW_r_D41_cei","primitive","current_extractor",21,2,2,0,9.5,0,1.00002,0.002,0,0.004,0.004
"MEX","ROW_r_D42_cei","primitive","current_extractor",20,0,0,0,0,0,,,,,
"MEX","ROW_r_D43_cei","primitive","current_extractor",21,0,0,0,0,0,,,,,
"MEX","ROW_r_D44_cei","primitive","current_extractor",0,0,0,0,,,,,,,
"MEX","TOT_B5g_cei","primitive","snacompare;uprofits",21,2,2,0,9.5,0,0.999881,-0.012,-0.169,0.145,0.208
"MEX","TOT_r_D4_cei","primitive","uprofits",21,2,1,1,9.5,4.8,0.993576,-0.642,-1.095,-0.19,1.208
"MEX","TOT_r_D41_cei","primitive","current_extractor",21,2,1,1,9.5,4.8,0.983998,-1.6,-2.842,-0.359,3.152
"MEX","TOT_r_D42_cei","primitive","current_extractor",21,2,2,0,9.5,0,1.000648,0.065,-0.098,0.228,0.269
"MEX","TOT_r_D43_cei","primitive","current_extractor",21,0,0,0,0,0,,,,,
"MEX","TOT_r_D44_cei","primitive","current_extractor",21,0,0,0,0,0,,,,,
"PER","B2g_cei","primitive","snacompare",17,0,0,0,0,0,,,,,
"PER","B3g_cei","primitive","snacompare",17,4,4,0,23.5,0,1.001552,0.155,-0.544,0.59,0.799
"PER","B5g_cei","primitive","snacompare",17,4,4,0,23.5,0,0.999643,-0.036,-0.269,0.113,0.324
"PER","D1_cei","primitive","snacompare",17,4,4,0,23.5,0,0.999567,-0.043,-0.408,0.325,0.489
"PER","D11_cei","primitive","current_extractor",17,4,4,0,23.5,0,1.000832,0.083,-0.164,0.362,0.455
"PER","D4_cei","primitive","snacompare;cei_ratio_figures",17,1,0,1,5.9,5.9,0.949679,-5.032,-5.032,-5.032,5.032
"PER","D43_cei","primitive","cei_ratio_figures",0,0,0,0,,,,,,,
"PER","D44_cei","primitive","cei_ratio_figures",17,0,0,0,0,0,,,,,
"PER","D5_cei","primitive","snacompare",17,0,0,0,0,0,,,,,
"PER","D61_cei","primitive","snacompare",17,2,1,1,11.8,5.9,0.98744,-1.256,-2.262,-0.25,2.514
"PER","D62_cei","primitive","snacompare",17,0,0,0,0,0,,,,,
"PER","D7_cei","primitive","cei_ratio_figures",17,1,0,1,5.9,5.9,0.966596,-3.34,-3.34,-3.34,3.34
"PER","D75_cei","primitive","cei_ratio_figures",0,0,0,0,,,,,,,
"PER","D752_cei","primitive","current_extractor",0,0,0,0,,,,,,,
"PER","FC_B5g_cei","primitive","snacompare;uprofits",17,3,3,0,17.6,0,1.008674,0.867,0.181,0.95,0.971
"PER","FC_r_D4_cei","primitive","uprofits",17,1,0,1,5.9,5.9,0.784301,-21.57,-21.57,-21.57,21.57
"PER","FC_r_D41_cei","primitive","current_extractor",17,1,0,1,5.9,5.9,0.770801,-22.92,-22.92,-22.92,22.92
"PER","FC_r_D42_cei","primitive","current_extractor",17,0,0,0,0,0,,,,,
"PER","FC_r_D43_cei","primitive","current_extractor",0,0,0,0,,,,,,,
"PER","FC_r_D44_cei","primitive","current_extractor",17,0,0,0,0,0,,,,,
"PER","GG_B5g_cei","primitive","snacompare",17,3,2,1,17.6,5.9,0.994375,-0.562,-1.188,-0.068,1.344
"PER","GG_r_D4_cei","primitive","uprofits",17,0,0,0,0,0,,,,,
"PER","GG_r_D41_cei","primitive","current_extractor",17,0,0,0,0,0,,,,,
"PER","GG_r_D42_cei","primitive","current_extractor",17,0,0,0,0,0,,,,,
"PER","GG_r_D43_cei","primitive","current_extractor",0,0,0,0,,,,,,,
"PER","GG_r_D44_cei","primitive","current_extractor",17,0,0,0,0,0,,,,,
"PER","NFC_B5g_cei","primitive","snacompare;uprofits",17,4,2,2,23.5,11.8,1.008128,0.813,0.033,1.778,2.053
"PER","NFC_r_D4_cei","primitive","uprofits",17,1,0,1,5.9,5.9,0.503703,-49.63,-49.63,-49.63,49.63
"PER","NFC_r_D41_cei","primitive","current_extractor",17,1,0,1,5.9,5.9,0.345806,-65.419,-65.419,-65.419,65.419
"PER","NFC_r_D42_cei","primitive","current_extractor",17,0,0,0,0,0,,,,,
"PER","NFC_r_D43_cei","primitive","current_extractor",6,0,0,0,0,0,,,,,
"PER","NFC_r_D44_cei","primitive","current_extractor",17,0,0,0,0,0,,,,,
"PER","ratio_d43_d4","derived_ratio","cei_ratio_figures",0,0,0,0,,,,,,,
"PER","ratio_d43d44","derived_ratio","cei_ratio_figures",17,1,0,1,5.9,5.9,1.052987,5.299,5.299,5.299,5.299
"PER","ratio_d44_b5g","derived_ratio","cei_ratio_figures",17,4,4,0,23.5,0,1.000358,0.036,-0.113,0.27,0.325
"PER","ratio_d44_d4","derived_ratio","cei_ratio_figures",17,1,0,1,5.9,5.9,1.052987,5.299,5.299,5.299,5.299
"PER","ratio_d75_b5g","derived_ratio","cei_ratio_figures",0,0,0,0,,,,,,,
"PER","ratio_d75_d7","derived_ratio","cei_ratio_figures",0,0,0,0,,,,,,,
"PER","ROW_r_D4_cei","primitive","uprofits",17,0,0,0,0,0,,,,,
"PER","ROW_r_D41_cei","primitive","current_extractor",17,0,0,0,0,0,,,,,
"PER","ROW_r_D42_cei","primitive","current_extractor",17,0,0,0,0,0,,,,,
"PER","ROW_r_D43_cei","primitive","current_extractor",17,0,0,0,0,0,,,,,
"PER","ROW_r_D44_cei","primitive","current_extractor",0,0,0,0,,,,,,,
"PER","TOT_B5g_cei","primitive","snacompare;uprofits",17,4,4,0,23.5,0,0.99943,-0.057,-0.146,0.303,0.422
"PER","TOT_r_D4_cei","primitive","uprofits",17,1,0,1,5.9,5.9,0.895557,-10.444,-10.444,-10.444,10.444
"PER","TOT_r_D41_cei","primitive","current_extractor",17,1,0,1,5.9,5.9,0.757993,-24.201,-24.201,-24.201,24.201
"PER","TOT_r_D42_cei","primitive","current_extractor",17,1,0,1,5.9,5.9,0.975151,-2.485,-2.485,-2.485,2.485
"PER","TOT_r_D43_cei","primitive","current_extractor",17,0,0,0,0,0,,,,,
"PER","TOT_r_D44_cei","primitive","current_extractor",17,0,0,0,0,0,,,,,
"URY","B2g_cei","primitive","snacompare",0,0,0,0,,,,,,,
"URY","B3g_cei","primitive","snacompare",0,0,0,0,,,,,,,
"URY","B5g_cei","primitive","snacompare",0,0,0,0,,,,,,,
"URY","D1_cei","primitive","snacompare",0,0,0,0,,,,,,,
"URY","D11_cei","primitive","current_extractor",0,0,0,0,,,,,,,
"URY","D4_cei","primitive","snacompare;cei_ratio_figures",0,0,0,0,,,,,,,
"URY","D43_cei","primitive","cei_ratio_figures",0,0,0,0,,,,,,,
"URY","D44_cei","primitive","cei_ratio_figures",0,0,0,0,,,,,,,
"URY","D5_cei","primitive","snacompare",0,0,0,0,,,,,,,
"URY","D61_cei","primitive","snacompare",0,0,0,0,,,,,,,
"URY","D62_cei","primitive","snacompare",0,0,0,0,,,,,,,
"URY","D7_cei","primitive","cei_ratio_figures",0,0,0,0,,,,,,,
"URY","D75_cei","primitive","cei_ratio_figures",0,0,0,0,,,,,,,
"URY","D752_cei","primitive","current_extractor",0,0,0,0,,,,,,,
"URY","FC_r_D4_cei","primitive","uprofits",0,0,0,0,,,,,,,
"URY","FC_r_D41_cei","primitive","current_extractor",0,0,0,0,,,,,,,
"URY","FC_r_D42_cei","primitive","current_extractor",0,0,0,0,,,,,,,
"URY","FC_r_D43_cei","primitive","current_extractor",0,0,0,0,,,,,,,
"URY","FC_r_D44_cei","primitive","current_extractor",0,0,0,0,,,,,,,
"URY","GG_r_D4_cei","primitive","uprofits",0,0,0,0,,,,,,,
"URY","GG_r_D41_cei","primitive","current_extractor",0,0,0,0,,,,,,,
"URY","GG_r_D42_cei","primitive","current_extractor",0,0,0,0,,,,,,,
"URY","GG_r_D43_cei","primitive","current_extractor",0,0,0,0,,,,,,,
"URY","GG_r_D44_cei","primitive","current_extractor",0,0,0,0,,,,,,,
"URY","NFC_r_D4_cei","primitive","uprofits",0,0,0,0,,,,,,,
"URY","NFC_r_D41_cei","primitive","current_extractor",0,0,0,0,,,,,,,
"URY","NFC_r_D42_cei","primitive","current_extractor",0,0,0,0,,,,,,,
"URY","NFC_r_D43_cei","primitive","current_extractor",0,0,0,0,,,,,,,
"URY","NFC_r_D44_cei","primitive","current_extractor",0,0,0,0,,,,,,,
"URY","ratio_d43_d4","derived_ratio","cei_ratio_figures",0,0,0,0,,,,,,,
"URY","ratio_d43d44","derived_ratio","cei_ratio_figures",0,0,0,0,,,,,,,
"URY","ratio_d44_b5g","derived_ratio","cei_ratio_figures",0,0,0,0,,,,,,,
"URY","ratio_d44_d4","derived_ratio","cei_ratio_figures",0,0,0,0,,,,,,,
"URY","ratio_d75_b5g","derived_ratio","cei_ratio_figures",0,0,0,0,,,,,,,
"URY","ratio_d75_d7","derived_ratio","cei_ratio_figures",0,0,0,0,,,,,,,
"URY","ROW_r_D4_cei","primitive","uprofits",0,0,0,0,,,,,,,
"URY","ROW_r_D41_cei","primitive","current_extractor",0,0,0,0,,,,,,,
"URY","ROW_r_D42_cei","primitive","current_extractor",0,0,0,0,,,,,,,
"URY","ROW_r_D43_cei","primitive","current_extractor",0,0,0,0,,,,,,,
"URY","ROW_r_D44_cei","primitive","current_extractor",0,0,0,0,,,,,,,
"URY","TOT_r_D4_cei","primitive","uprofits",0,0,0,0,,,,,,,
"URY","TOT_r_D41_cei","primitive","current_extractor",0,0,0,0,,,,,,,
"URY","TOT_r_D42_cei","primitive","current_extractor",0,0,0,0,,,,,,,
"URY","TOT_r_D43_cei","primitive","current_extractor",0,0,0,0,,,,,,,
"URY","TOT_r_D44_cei","primitive","current_extractor",0,0,0,0,,,,,,,
