"country","year","same_clean_input","old_average","new_average","average_relative_difference","threshold_max_relative_difference","topavg_max_relative_difference"
"BRA",2000,FALSE,5195.58841642852,5195.58841642852,0,5.07320711839846e-11,1.29679092898813e-11
"BRA",2002,FALSE,6105.93336661747,6105.93336661747,0,0.0010670489525441,1.10315917228197e-05
"BRA",2006,FALSE,8651.29822295947,8651.29822295947,0,7.19437546140169e-13,1.11353883316495e-13
"BRA",2007,FALSE,5140.92686748324,5140.92686748324,0,0.129865644717957,0.00876840377007047
"BRA",2008,FALSE,6530.30341542013,6530.30341542013,0,0.0206619742799853,4.80851477496914e-05
"BRA",2009,FALSE,6866.84976545385,6866.84976545385,0,0.035109639794089,6.97533103612275e-05
"BRA",2010,FALSE,7717.32704988066,7717.32704988066,0,0.0239124540492798,0.00011142647686546
"BRA",2011,FALSE,8896.71825288871,8896.71825288871,0,1.43383829018543e-12,1.95703523459255e-13
"BRA",2012,FALSE,9660.41045606464,9660.41045606464,0,0.026028416672322,1.48422972439275e-06
"BRA",2013,FALSE,10501.2072629692,10501.2072629692,0,0.00598731667780695,0.000119017911862802
"BRA",2014,FALSE,11723.1189350202,11723.1189350202,0,8.49113584736235e-12,3.4029851901327e-12
"BRA",2015,FALSE,12536.3617261735,12536.3617261735,0,1.44337863040481e-12,5.2327496313228e-13
"BRA",2016,FALSE,13336.0890364702,13421.7989391013,0.00642691439722006,0.0433160893554921,0.00642691439722238
"BRA",2017,FALSE,14174.9708225207,14287.0152800066,0.00790438716867684,0.953522678208836,0.00790438716867684
"BRA",2018,FALSE,14812.3508019698,14955.7828442185,0.00968327338221194,17.3369443054654,0.00968327338221194
"BRA",2019,FALSE,15806.5324341924,15980.3648486544,0.0109975046826823,16.9431233923822,0.0109975046829143
"BRA",2020,FALSE,16032.9197158168,16234.9121460583,0.0125986054830817,0.10910983991316,0.0125986054830817
"BRA",2021,FALSE,19822.9947180408,20130.8519396231,0.0155303084100667,0.096126750691024,0.0155303084100667
"BRA",2022,FALSE,22691.463766349,23123.9882264028,0.019061108816401,0.340829971838622,0.019061108816401
"BRA",2023,FALSE,26710.699747153,27296.8801111904,0.0219455263091667,0.338964288764641,0.0219455263093657
"CHL",2005,FALSE,1471467.00781836,1471467.00781836,0,1.04314521498268e-10,2.79154162119587e-10
"CHL",2006,FALSE,1590792.94887497,1590236.04947302,0.000350076609494528,0.00398870825935691,0.00087532528180295
"CHL",2007,FALSE,1795294.51082484,1795294.51082484,0,0.0107547640291596,0.00056893613462149
"CHL",2008,FALSE,2010612.8556717,2010612.8556717,0,0.0403342124470958,0.00166293886184316
"CHL",2009,FALSE,2049429.50994587,2049320.92765185,5.29817168597023e-05,0.000686174763745619,0.000135417159161254
"CHL",2010,FALSE,2246976.09977646,2246976.09977646,0,1.37983102816793e-13,2.14954033965971e-13
"CHL",2011,FALSE,2503154.85446699,2503154.85446699,0,2.99706832474181e-13,5.92812324312469e-13
"CHL",2013,FALSE,3030570.5014008,3030570.5014008,0,1.07038138893741e-13,2.14586380906515e-13
"CHL",2014,FALSE,3285587.20916331,3287215.23379551,0.000495504921512863,0.00619845810864481,0.00116504716752547
"CHL",2015,FALSE,3511322.28003626,3511652.33161758,9.39963794256103e-05,0.0318082868118211,0.00567025767161715
"CHL",2016,FALSE,3658635.29017226,3658393.01698425,6.62195514979716e-05,0.0235971227806008,0.00528389088422598
"CHL",2017,FALSE,3870038.34977152,3870436.53816758,0.0001028900388244,0.0378585169489408,0.00201848755157075
"CHL",2018,FALSE,4077068.37494809,4077599.84815651,0.000130356707207969,0.00527999001622538,0.00369346819857602
"CHL",2019,FALSE,4290358.91137995,4290570.03042864,4.92077826238523e-05,0.0197229807042454,0.00012439383727663
"CHL",2020,FALSE,4001451.30441197,4001567.01445593,2.89170191405814e-05,0.014355074436749,0.0019313996140993
"CHL",2021,FALSE,4644475.55310221,4651404.18309363,0.00149180029310128,0.040000966918693,0.0154094284140925
"CHL",2022,FALSE,5414527.27469705,5417757.77124183,0.000596635011864453,0.346503123599611,0.000596635011864453
"CHL",2023,FALSE,5875212.56984615,5920181.72596854,0.00765404750684056,34.3056797910688,0.0676012645773101
"COL",2014,FALSE,3527606.25,3527606.75,1.41739175113436e-07,0.000174276751487852,1.41739181302647e-07
"COL",2015,FALSE,4011301.25,4011301.5,6.23239154625946e-08,0.249999999999999,6.23239215734323e-08
"COL",2016,TRUE,4388485,4388485,0,0.000134898461455119,8.07651743520152e-09
"COL",2017,TRUE,7952793.5,7952793.5,0,0,0
"COL",2018,TRUE,8498904,8498904,0,0,0
"COL",2019,FALSE,9205261,9205262,1.08633530325756e-07,5.04413619132851e-05,1.08633536412316e-07
"COL",2020,TRUE,9344756,9344756,0,0,0
"COL",2021,FALSE,11356063,11452863,0.00852408092487687,0.76470588235294,0.00977528303729592
"COL",2022,TRUE,14531521,14531521,0,0,0
"COL",2023,TRUE,15341913,15341913,0,2.61727869573808e-15,2.28357077780475e-15
"DOM",2012,TRUE,46484.140625,46484.140625,0,0,0
"DOM",2013,TRUE,53273.09765625,53273.09765625,0,0,0
"DOM",2014,TRUE,59093.57421875,59093.57421875,0,0,0
"DOM",2015,TRUE,66082.296875,66082.296875,0,0,0
"DOM",2016,TRUE,66835.8828125,66835.8828125,0,1.19781167128451e-15,0
"DOM",2017,TRUE,64883.2578125,64883.2578125,0,1.82996793809777e-15,0
"DOM",2018,TRUE,75905.484375,75905.484375,0,0,0
"DOM",2019,TRUE,84426.703125,84426.703125,0,0,0
"DOM",2020,TRUE,71294.484375,71294.484375,0,0,0
"PER",2016,TRUE,5311.35693359375,5311.35693359375,0,1.40651465778482e-15,0
"PER",2017,TRUE,5794.39453125,5794.39453125,0,5.20854528128734e-09,2.41013117729257e-11
"PER",2018,TRUE,6411.2822265625,6411.2822265625,0,0.0138691588846726,0.0004523383944732
"SLV",2000,TRUE,417.843597412109,417.843597412109,0,0,0
"SLV",2001,TRUE,433.992034912109,433.992034912109,0,0,0
"SLV",2002,TRUE,479.804656982422,479.804656982422,0,6.12497455042936e-15,2.155154120039e-15
"SLV",2003,TRUE,514.537353515625,514.537353515625,0,0,0
"SLV",2004,TRUE,561.205261230469,561.205261230469,0,0,0
"SLV",2005,TRUE,583.283935546875,583.283935546875,0,0,0
"SLV",2006,TRUE,650.657897949219,650.657897949219,0,0,0
"SLV",2007,TRUE,823.598266601562,823.598266601562,0,0,2.75232884314063e-15
"SLV",2009,TRUE,753.851989746094,753.851989746094,0,0,1.37693165295467e-15
"SLV",2010,TRUE,804.945129394531,804.945129394531,0,2.03715794085153e-15,0
"SLV",2012,TRUE,925.196472167969,925.196472167969,0,0,0
"SLV",2013,TRUE,903.8505859375,903.8505859375,0,0,0
"SLV",2014,TRUE,886.754272460938,886.754272460938,0,0,0
"SLV",2015,TRUE,868.068725585938,868.068725585938,0,0.0161771589832408,8.17846134566307e-05
"SLV",2016,TRUE,874.987609863281,874.987609863281,0,0.00854232228771475,0.000322656972226527
"SLV",2017,TRUE,900.105346679688,900.105346679688,0,0.003296735130201,0.000175052228930775
